"OD01792023"|200768|"U.E.E.CONC. N1 61 (NER 04)                        "|"SAN CRISTOBAL"|"Dr Francisco Romero Lobo"|"MACANILLO"|"MACANILLO"|"MACANILLO"|"vacio"|"vacio"|"vacio"|"ESTADAL"|"vacio"
"OD01802023"|200769|"E.B.E.UNIT. Nº18 (NER 004)                                                      "|"SAN CRISTOBAL"|"Dr Francisco Romero Lobo"|"VENTANAS ALDEA MESA RICA"|"CALLE PRINCIPAL"|"vacio"|"vacio"|"vacio"|"vacio"|"ESTADAL"|"vacio"
"OD01812023"|201089|"E.B.E. UNIT. 215                                  "|"SAN CRISTOBAL"|"Dr Francisco Romero Lobo"|"VIA FUERTE MURACHI"|"CALLE PRINCIPAL"|"CUCHILLA DEL GACHO"|"vacio"|"vacio"|"vacio"|"ESTADAL"|"04147102696"
"OD01782023"|200770|"E.B.N. BOLIV.UNIT. 3139 NER 129                   "|"SAN CRISTOBAL"|"Dr Francisco Romero Lobo"|"ALDEA MUNDO NUEVO"|"VIA CHORRO EL INDIO"|"LA VIA DEL PARAMO"|"vacio"|"vacio"|"vacio"|"NACIONAL"|"vacio"
"OD02052023"|201845|"U.E.N. HECTOR JOSÉ CASTRO MIJARES                 "|"SAN CRISTOBAL"|"Dr Francisco Romero Lobo"|"CENTRO POBLADO MACANILLO"|"CALLE 3"|"vacio"|"CARRERAS 3 Y 4"|"vacio"|"vacio"|"NACIONAL"|"vacio"
"OD02432023"|201994|"E.B.N. EPITASIO MARQUEZ DURAN"|"SAN CRISTOBAL"|"Dr Francisco Romero Lobo"|"COMUNIDAD VEGA DE LA PAVA"|"VIA PRINCIPAL"|"vacio"|"vacio"|"vacio"|"vacio"|"NACIONAL"|"vacio"
"OD01942023"|201618|"U.E.N.BOLIV. LA PALMITA                           "|"SAN CRISTOBAL"|"Dr Francisco Romero Lobo"|"LA PALMITA"|"VIA PRINCIPAL MACANILLO"|"vacio"|"LA CASA DE ALIMENTACION Y BEDEGA LAY"|"vacio"|"MODULO R1"|"NACIONAL"|"vacio"
"OD01772023"|200766|"E.B.N. BOLIV.CONC. S/N 956 MESA RICA  NER 04"|"SAN CRISTOBAL"|"Dr Francisco Romero Lobo"|"LA RESBALOSA"|"VIA RIO FRIO"|"vacio"|"vacio"|"vacio"|"vacio"|"NACIONAL"|"vacio"
"PD00862023"|200723|"C.E.I.A. MARIA ELISA SANDOVAL DE VIVAS"|"SAN CRISTOBAL"|"La Concordia"|"SIMON BOLIVAR"|"AV 3 Nro.- 104"|"vacio"|"vacio"|"vacio"|"vacio"|"AUTONOMA"|"vacio"
"OD00772023"|200835|"U.E.E. RAMON VIVAS GOMEZ                          "|"SAN CRISTOBAL"|"La Concordia"|"BARRIO EL CARMEN"|"CALLE 2"|"vacio"|"vacio"|"vacio"|"vacio"|"ESTADAL"|"vacio"
"OD00792023"|200837|"U.E.E. MENCA DE LEONI                             "|"SAN CRISTOBAL"|"La Concordia"|"BARRIO EL PARAISO"|"MARGINAL DEL TORBES"|"vacio"|"vacio"|"vacio"|"vacio"|"ESTADAL"|"vacio"
"OD02262023"|201909|"U.E.E. CONC. GENERAL EZEQUIEL ZAMORA              "|"SAN CRISTOBAL"|"La Concordia"|"BARRIO FRANCISCO DE MIRAN"|"CALLE 2 BIS"|"vacio"|"vacio"|"vacio"|"vacio"|"ESTADAL"|"0414-7102696"
"OD00812023"|200840|"U.E.E MANUEL FELIPE RUGELES                       "|"SAN CRISTOBAL"|"La Concordia"|"BARRIO GENARO MENDEZ M."|"CARRERA 17 C"|"vacio"|"vacio"|"vacio"|"N' 2-53"|"ESTADAL"|"vacio"
"OD00822023"|200843|"U.E E. BOLIV. RAMON BUENAHORA                     "|"SAN CRISTOBAL"|"La Concordia"|"BARRIO LAS FLORES"|"AV. PRINCIPAL"|"vacio"|"vacio"|"vacio"|"vacio"|"ESTADAL"|"vacio"
"OD00802023"|200839|"U.E.E. BOLIV. PBRO. VICTOR MANUEL VALECILLOS      "|"SAN CRISTOBAL"|"La Concordia"|"BARRIO LAS MARGARITAS"|"CALLE PPAL."|"FINAL AV COLINAS DEL TACHIRA"|"vacio"|"vacio"|"vacio"|"ESTADAL"|"vacio"
"OD00752023"|200762|"U.E.E. CONC. 83 NER 04                            "|"SAN CRISTOBAL"|"La Concordia"|"CAÃ‘O SECO"|"CAÃ‘O SECO"|"vacio"|"vacio"|"vacio"|"vacio"|"ESTADAL"|"04147102696"
"OD00732023"|200760|"U.E.E. CONC. 473 NER 04                           "|"SAN CRISTOBAL"|"La Concordia"|"CASERIO LOMA DE PANAGA"|"VIA LOMA DEL VIENTO"|"vacio"|"vacio"|"vacio"|"vacio"|"ESTADAL"|"04147102696"
"OD00712023"|200751|"U.E.E. CONC. 84 NER 04                            "|"SAN CRISTOBAL"|"La Concordia"|"CASERIO PEDRAZA"|"ALDEA AGUA LINDA"|"vacio"|"vacio"|"vacio"|"vacio"|"ESTADAL"|"04147102646"
"OD00782023"|200836|"U.E.E. LUIS RAMIREZ CHACON                        "|"SAN CRISTOBAL"|"La Concordia"|"LA CONCORDIA"|"CALLE 5"|"PROLONGACION DE LA 5 AVDA"|"vacio"|"vacio"|"5-128"|"ESTADAL"|"vacio"
"OD00742023"|200761|"U.E.E. CONC. Nº 17 NER 04 (SEDE)                  "|"SAN CRISTOBAL"|"La Concordia"|"LOMA DE PIO"|"LOMA DE PIO"|"vacio"|"vacio"|"vacio"|"vacio"|"ESTADAL"|"vacio"
"OD00722023"|200759|"E.B.E. UNIT. Nº 199 LA NASA                       "|"SAN CRISTOBAL"|"La Concordia"|"SECTOR LA NASA"|"VIA FUERTE MURACHI"|"vacio"|"vacio"|"vacio"|"vacio"|"ESTADAL"|"0414-7602696"
"OD00832023"|200830|"U.E.M. MARCO TULIO RAMIREZ ROA                    "|"SAN CRISTOBAL"|"La Concordia"|"BARRIO MONS. RAMIREZ"|"VEREDA 7"|"ESTRADA OCHO DE DICIOEMBRE"|"vacio"|"vacio"|"vacio"|"MUNICIPAL"|"vacio"
"OD00842023"|200841|"U.E.M. JUANA MALDONADO GONZALEZ                   "|"SAN CRISTOBAL"|"La Concordia"|"LA CASTRA"|"CALLE PRINCIPAL"|"DIGONAL ONIDEX"|"vacio"|"vacio"|"vacio"|"MUNICIPAL"|"vacio"
"OD00562023"|200756|"E.B.N.BOLIV. JUAN BAUTISTA GARCIA ROA             "|"SAN CRISTOBAL"|"La Concordia"|"23 DE ENERO"|"CARRERA 2"|"vacio"|"CALLE 6 Y 7"|"vacio"|"vacio"|"NACIONAL"|"0414-1759625"
"OD00572023"|200758|"U.E.N.BOLIV N.1436                                "|"SAN CRISTOBAL"|"La Concordia"|"ALDEA LA BLANCA"|"VIA PRINCIPAL MACANILLO"|"vacio"|"CHORRO EL INDIO Y MACANILLO"|"vacio"|"vacio"|"NACIONAL"|"04147370766"
"OD00582023"|200824|"U.E.N. BOLIV. CONC. 964 NER 129                   "|"SAN CRISTOBAL"|"La Concordia"|"ALDEA MESA DE CHAUCHA"|"VIA PPAL."|"VIA CHOORO DEL INDIO"|"vacio"|"vacio"|"vacio"|"NACIONAL"|"04147370766"
"OD00612023"|200838|"E.B.N. CÓRDOBA                                    "|"SAN CRISTOBAL"|"La Concordia"|"BARRIO 23 DE ENERO"|"CALLE 4"|"CARRERA 4"|"vacio"|"vacio"|"SIN NUMERO"|"NACIONAL"|"04166703016"
"OD02202023"|201710|"C.E.I.N. SIMONCITO JUAN BAUTISTA GARCIA ROA       "|"SAN CRISTOBAL"|"La Concordia"|"BARRIO 23 DE ENERO"|"CALLE 6"|"vacio"|"CARR. 1 Y 2"|"vacio"|"vacio"|"NACIONAL"|"0416-8789787"
"OD00532023"|200752|"U.E.N. BOLIV. ALIANZA                             "|"SAN CRISTOBAL"|"La Concordia"|"BARRIO ALIANZA"|"CALLE PPAL."|"AVENIDA ROTARIA"|"CALLE 1Y 3"|"CARRERA 2"|"EDIFICIO"|"NACIONAL"|"vacio"
"OD02132023"|201642|"C.E.I.N. JOSEFINA MOLINA DE DUQUE                 "|"SAN CRISTOBAL"|"La Concordia"|"BARRIO ANDRES BELLO"|"CALLE PRINCIPAL"|"vacio"|"vacio"|"CUESTA DEL TRAPICHE"|"vacio"|"NACIONAL"|"vacio"
"OD02152023"|201136|"CEBA  GRUPO ARTILLERIA VASQUEZ"|"SAN CRISTOBAL"|"La Concordia"|"BARRIO EL LOBO"|"DETRAS DE LA MANGA DE COL"|"vacio"|"vacio"|"CARRERA 23"|"SEDE DEL CUARTEL"|"NACIONAL"|"0424-7189717"
"OD02302023"|201959|"C.E.I. LA CHUCURI"|"SAN CRISTOBAL"|"La Concordia"|"BARRIO LA CHUCURI"|"CALLE PRINCIPAL"|"vacio"|"vacio"|"vacio"|"vacio"|"NACIONAL"|"8831113"
"OD00642023"|200922|"E.B.N.BOLIV. RITA ELISA MEDINA DE USECHE          "|"SAN CRISTOBAL"|"La Concordia"|"BARRIO LA VICTORIA"|"CALLE PRINCIPAL"|"vacio"|"vacio"|"vacio"|"vacio"|"NACIONAL"|"vacio"
"ON10452023"|201287|"ADULTOS C.E.B.A. ANDRES BELLO I                   "|"SAN CRISTOBAL"|"La Concordia"|"BARRIO LA VICTORIA"|"AV. PRINCIPAL LA VICTORIA"|"vacio"|"vacio"|"vacio"|"vacio"|"NACIONAL"|"vacio"
"OD02112023"|201713|"C.E.I.N. SIMONCITO BARRIO LA VICTORIA             "|"SAN CRISTOBAL"|"La Concordia"|"BARRIO LA VICTORIA"|"CALLE PRINCIPAL"|"vacio"|"vacio"|"VIA LA CIUDAD DE LOS MUCHACHOS"|"vacio"|"NACIONAL"|"02767667969"
"OD00522023"|200730|"C.E.I.N BOLIV. SIMONCITO AÑO INTERNACIONAL DEL NIÑ"|"SAN CRISTOBAL"|"La Concordia"|"BARRIO LAS MARGARITAS"|"PASAJE 3 VEREDA 9 N:13"|"vacio"|"vacio"|"vacio"|"N' 13"|"NACIONAL"|"vacio"
"OD00622023"|200842|"U.E.N. BOLIV. SABANA LARGA NER 359                "|"SAN CRISTOBAL"|"La Concordia"|"BARRIO SABANA LARGA"|"CARRETERA VIA LOS LLANOS"|"vacio"|"vacio"|"vacio"|"vacio"|"NACIONAL"|"04264874539"
"OD00762023"|200763|"U.E.N. CONC. 820 NER 129                          "|"SAN CRISTOBAL"|"La Concordia"|"CASERIO EL RON"|"VIA PPAL. LOMA DEL VIENTO"|"vacio"|"vacio"|"vacio"|"vacio"|"NACIONAL"|"04147370766"
"OD00872003"|201128|"C.E.I. CUESTA DEL TRAPICHE"|"SAN CRISTOBAL"|"La Concordia"|"CUESTA DEL TRAPICHE"|"CALLE PRINCIPAL"|"vacio"|"vacio"|"vacio"|"vacio"|"NACIONAL"|"04247404121"
"OD00652023"|201091|"C.E.I.N. TRANSITO Nº 61                           "|"SAN CRISTOBAL"|"La Concordia"|"ENTRADA BARIO EL PARAISO"|"MARGINAL DEL TORBES"|"COMANDO DE TRANSITO TERRESTRE 61"|"vacio"|"vacio"|"vacio"|"NACIONAL"|"vacio"
"OD00552023"|200754|"E.B.N.BOLIV. VILLAFAÑE                            "|"SAN CRISTOBAL"|"La Concordia"|"LA CASTRA"|"CALLE PRINCIPAL"|"vacio"|"vacio"|"vacio"|"EDIFICIO ESCUELA CEDE"|"NACIONAL"|"vacio"
"OD01872023"|201191|"ESP. C.D.I.N. CENTRO DE DESARROLLO INFANTIL N: 22 "|"SAN CRISTOBAL"|"La Concordia"|"LA CASTRA"|"AVENIDA PRINCIPAL"|"vacio"|"vacio"|"vacio"|"EDICIO R1 ANAVI CEI AÑO INTERNACIONAL DEL NIÑO"|"NACIONAL"|"vacio"
"OD01832023"|201366|"ESP. EQU.INT.NAC. TACHIRA                         "|"SAN CRISTOBAL"|"La Concordia"|"LA CASTRA"|"FRENTE A LA ONIDEX"|"FRENTE A LA ONIBEX"|"vacio"|"vacio"|"vacio"|"NACIONAL"|"04124275005"
"OD00702023"|201528|"C.E.I.N.CLUB DE LEONES                            "|"SAN CRISTOBAL"|"La Concordia"|"LA CASTRA"|"CALLE PRINCIPAL"|"vacio"|"DEPOSITO POLAR"|"CENTRO MEDICO ""CLUB DE LEONNES"""|"R1"|"NACIONAL"|"vacio"
"OD00462023"|200722|"C.E.I.N. SIMONCITO ANDRES ELOY BLANCO             "|"SAN CRISTOBAL"|"La Concordia"|"LA CONCORDIA"|"AVDA. LUCIO OQUENDO"|"CEMTRO DEL HOSPITAL"|"vacio"|"vacio"|"vacio"|"NACIONAL"|"vacio"
"OD00472023"|200724|"C.E.I.N. CORAZON DE JESUS ANEXOAL I.U.T.          "|"SAN CRISTOBAL"|"La Concordia"|"LA CONCORDIA"|"AV. TEOFILO DEPABLOS"|"vacio"|"vacio"|"ANTIGUO PARQUE EXPOSICIÃ“N"|"IUT"|"NACIONAL"|"vacio"
"OD00502023"|200728|"C.E.I.N. BOLIV. DIRSOP                            "|"SAN CRISTOBAL"|"La Concordia"|"LA CONCORDIA"|"CALLE 4 CON CARRERA 4"|"vacio"|"vacio"|"vacio"|"EDIFICIO CUARTEL GENERAL"|"NACIONAL"|"04147366662"
"S0382D2023"|200828|"LICEO BOLIV. N. PEDRO MARIA MORANTES              "|"SAN CRISTOBAL"|"La Concordia"|"LA CONCORDIA"|"PROLONGACIÃ“N CARRERA 9"|"vacio"|"vacio"|"vacio"|"EDIFICIO"|"NACIONAL"|"04163732345"
"OD00602023"|200832|"U.E.N. BOLIV. LA CONCORDIA                                                      "|"SAN CRISTOBAL"|"La Concordia"|"la concordia"|"calle principal"|"0"|"CARRERA 5"|"CALLE 6"|"vacio"|"NACIONAL"|"vacio"
"S1368N2023"|201236|"ADULTOS C.C.B. SIMON BOLIVAR                      "|"SAN CRISTOBAL"|"La Concordia"|"LA CONCORDIA"|"PROLONGACION LA CONCORDIA"|"CARRERA 8"|"vacio"|"vacio"|"vacio"|"NACIONAL"|"vacio"
"OD02182023"|201712|"C.E.I.N. BOLIV. CORDOBA                           "|"SAN CRISTOBAL"|"La Concordia"|"LA CONCORDIA"|"CALLE 10"|"CARR. 4"|"vacio"|"vacio"|"vacio"|"NACIONAL"|"vacio"
"S0954D2023"|200757|"LICEO BOLIV.N. EMILIO CONSTANTINO GUERRERO        "|"SAN CRISTOBAL"|"La Concordia"|"LOS HALTICOS"|"CALLE 10"|"CARRE 6 Y 7"|"vacio"|"vacio"|"vacio"|"NACIONAL"|"vacio"
"OD00632023"|200848|"E.B.N. BOLIV. JOSEFINA MOLINA DE DUQUE            "|"SAN CRISTOBAL"|"La Concordia"|"NO TIENE INFORMACIÃ“N"|"CARRETERA VIEJA"|"VIA EL COROZO"|"vacio"|"vacio"|"vacio"|"NACIONAL"|"vacio"
"OD02362023"|200720|"C.E.I. JUAN MALDONADO"|"SAN CRISTOBAL"|"La Concordia"|"POZO AZUL 23 DE ENERO"|"CALLE 01"|"vacio"|"CARRERAS 2 Y 3"|"vacio"|"CASA 2-08"|"NACIONAL"|"04166027348"
"OD00592023"|200831|"E.B.N. BOLIV. CRISTÓBAL MENDOZA                   "|"SAN CRISTOBAL"|"La Concordia"|"SABANETA"|"CARRETERA VIA EL LLANO"|"vacio"|"vacio"|"vacio"|"vacio"|"NACIONAL"|"04265732785"
"OD00512023"|200729|"C.E.I.N BOLIV. AÑO INTERNACIONAL DEL NIÑO  (23 DE "|"SAN CRISTOBAL"|"La Concordia"|"SAN SEBASTIAN"|"CALLE 6"|"vacio"|"CARRERA 2 Y 3"|"vacio"|"vacio"|"NACIONAL"|"04147123755"
"ON10502023"|201310|"ADULT. ESC. DE LAB. DOÑA MENCA DE LEONI"|"SAN CRISTOBAL"|"La Concordia"|"SECTOR EL CONTENTO"|"CALLE PRINCIPAL"|"vacio"|"vacio"|"vacio"|"CASA"|"NACIONAL"|"vacio"
"S0146D2023"|200750|"LICEO BOLIV.N. ELBA BEATRIZ RAMIREZ ORTEGA        "|"SAN CRISTOBAL"|"La Concordia"|"UNIDAD VECINAL"|"FINAL DE LA CALLE 4"|"vacio"|"vacio"|"vacio"|"vacio"|"NACIONAL"|"vacio"
"OD00542023"|200753|"E.B.N. BOLIV. DR LEONARDO RUIZ PINEDA             "|"SAN CRISTOBAL"|"La Concordia"|"UNIDAD VECINAL"|"FINAL CALLE 2"|"calle 3"|"eblesia divino redentor"|"vacio"|"edificio"|"NACIONAL"|"vacio"
"OD01892023"|201186|"ESP. U.E.E.N. BOLIV. TULIO VIERA PORTILLO         "|"SAN CRISTOBAL"|"La Concordia"|"UNIDAD VECINAL"|"CALLE 3 S/N"|"AL LADO ANTIGUO INAVI"|"vacio"|"vacio"|"vacio"|"NACIONAL"|"vacio"
"ON10442023"|201286|"C.E.A. DR. LEONARDO RUIZ PINEDA                   "|"SAN CRISTOBAL"|"La Concordia"|"UNIDAD VECINAL"|"CALLE 2 FINAL"|"DETRAS DE LA IGLESIA"|"vacio"|"vacio"|"vacio"|"NACIONAL"|"vacio"
"OD01842023"|201175|"ESP. C.E.N.D.A. NAC. SAN CRISTOBAL                "|"SAN CRISTOBAL"|"La Concordia"|"UR. LA CASTRA"|"CALLE PPAL."|"FRENTE A ONIDEX"|"vacio"|"vacio"|"EDIFICIO"|"NACIONAL"|"vacio"
"OD01882023"|201178|"ESP. T.E.L. BOLIV. SAN CRISTOBAL                  "|"SAN CRISTOBAL"|"La Concordia"|"URB. LA CASTRA"|"AVDA. PPAL."|"vacio"|"vacio"|"vacio"|"vacio"|"NACIONAL"|"0414-1776010"
"S1087D2023"|200755|"LICEO BOLIV.N. DR. VICENTE DAVILA                 "|"SAN CRISTOBAL"|"La Concordia"|"URB. SANTA ROSA"|"AV. PARQUE EXPOSICIÃ“N"|"AV.ROTARIA"|"vacio"|"vacio"|"vacio"|"NACIONAL"|"vacio"
"OD00482023"|200725|"C.E.I.N. DR. LEONARDO RUIZ PINEDA                 "|"SAN CRISTOBAL"|"La Concordia"|"URB. UNIDAD VECINAL"|"FINAL DE LA CALLE 2"|"vacio"|"vacio"|"vacio"|"vacio"|"NACIONAL"|"04265709250"
"OD00692023"|201330|"C.E.I.N. SIMONCITO BOLIV.DE LA MARIA DE LA CONCEPC"|"SAN CRISTOBAL"|"La Concordia"|"URB. UNIDAD VECINAL"|"AVDA. PPAL."|"vacio"|"vacio"|"vacio"|"vacio"|"NACIONAL"|"04140763884"
"OD00492023"|200727|"C.E.I.N. AÑO INTERNACIONAL DEL NIÑO LA CASTRA     "|"SAN CRISTOBAL"|"La Concordia"|"URBANIZACION LA CASTRA"|"CALLE PRINCIPAL"|"vacio"|"ONIDEX,TACHIRA"|"CENTRO DE DESARR. INF N·22"|"vacio"|"NACIONAL"|"vacio"
"PD00922023"|200849|"U.E.P.S.MPPE COL. PARR. MONSEÑOR RAFAEL ARIAS BLAN"|"SAN CRISTOBAL"|"La Concordia"|"LA CONCORDIA"|"AV. LUCIO AQUENDO"|"CALLE 3"|"CARRERA 12 Y AV LUCIO OQUENDO"|"vacio"|"vacio"|"PRIV.SUBMPPE"|"vacio"
"S2586D2023"|200850|"U.E.P.S.MPPE COL. NUESTRA SEÑORA DEL CARMEN       "|"SAN CRISTOBAL"|"La Concordia"|"La Concordia"|"Lucio Oquendo"|"CALLE 13"|"CARRERA 12"|"3 Carrera 12"|"N' 12-52"|"PRIV.SUBMPPE"|"vacio"
"PD02012023"|201714|"C.E.I.P. DR. JOSE ANGEL ALAMO                     "|"SAN CRISTOBAL"|"La Concordia"|"19 DE ABRIL"|"AV. 19 DE ABRIL"|"vacio"|"vacio"|"PARQUE METROPOLITANO"|"CASA N 9=9"|"PRIVADA"|"04247619650"
"PD00912023"|200847|"U.E.P. INSTITUTO CORAZON DE JESUS                 "|"SAN CRISTOBAL"|"La Concordia"|"LA CONCORDIA"|"PROLONGACION 5TA AVDA."|"vacio"|"CALLES 4 Y 5"|"vacio"|"S/C"|"PRIVADA"|"vacio"
"T0673N2023"|201391|"ADULTOS INSTITUTO NACIONAL DE COOPERACION EDUCATIV"|"SAN CRISTOBAL"|"La Concordia"|"LA CONCORDIA"|"AV 19 DE ABRIL"|"vacio"|"vacio"|"vacio"|"EDIFICIO INCES"|"PRIVADA"|"0414-1773277"
"PD00952023"|201468|"C.E.I. NIÑO SIMÓN                                 "|"SAN CRISTOBAL"|"La Concordia"|"LA CONCORDIA"|"AV. 19 DE ABRIL"|"CARRERA 9"|"10"|"vacio"|"vacio"|"PRIVADA"|"vacio"
"PD00942023"|201467|"U.E.P. COL. MONSEÑOR MARCO TULIO RAMIREZ ROA      "|"SAN CRISTOBAL"|"La Concordia"|"PRO PATRIA"|"19 DE ABRIL"|"vacio"|"vacio"|"vacio"|"N. 6-158"|"PRIVADA"|"vacio"
"PD00142023"|200834|"U.E.P COL. DR ARTURO USLAR PIETRI                 "|"SAN CRISTOBAL"|"La Concordia"|"San Cristóbal"|"CALLE 3"|"vacio"|"AV.LUCIO OQUENDO"|"CARRERA12"|"# 12-33"|"PRIVADA"|"vacio"
"S3725D2023"|200910|"U.E.P. COL. EL ROSARIO                            "|"SAN CRISTOBAL"|"La Concordia"|"UNIDAD VECINAL"|"CALLE 3"|"AV. LUCIO OQUENDO"|"VEREDA 1"|"#2"|"EDIFICIO"|"PRIVADA"|"vacio"
"PN00282023"|201463|"ADULTOS U.E.P. COLEGIO EL ROSARIO                 "|"SAN CRISTOBAL"|"La Concordia"|"UNIDAD VECINAL"|"CALLE 3 AV. LUCIO OQUENDO"|"vacio"|"VEREDA 1 Y 2"|"vacio"|"vacio"|"PRIVADA"|"04265740266"
"PD00932023"|201334|"U.E.P. COL. DR DANIEL FIGUEROA                                                  "|"SAN CRISTOBAL"|"La Concordia"|"URB MERIDA"|"AV CENTRAL"|"vacio"|"vacio"|"vacio"|"CASA"|"PRIVADA"|"04247205368"
"S1727D2023"|200911|"U.E.P. COL. JUAN XXIII                            "|"SAN CRISTOBAL"|"La Concordia"|"URB. COROMOTO"|"AVDA PPAL."|"vacio"|"vacio"|"vacio"|"vacio"|"PRIVADA"|"02763470992"
"PD00892023"|200721|"C.E.I.P. JUAN PABLO II EL GRANDE                  "|"SAN CRISTOBAL"|"La Concordia"|"URB. MERIDA"|"CALLE 5"|"vacio"|"AVDA. ORIENTAL"|"CARR. 2"|"CASA"|"PRIVADA"|"vacio"
"S2251D2023"|200882|"U.E.P. COL. JULIO SUAREZ LOZADA                   "|"SAN CRISTOBAL"|"La Concordia"|"URB. MERIDA"|"AVDA.19 DE ABRIL"|"VIADUCTO NUEVO"|"vacio"|"vacio"|"7-11"|"PRIVADA"|"vacio"
"OD01072023"|200855|"U.E.E.BOLIV. CECILIO ACOSTA                                                     "|"SAN CRISTOBAL"|"Pedro María Morantes"|"BARIO LOURDES"|"CALLE 4"|"vacio"|"vacio"|"vacio"|"vacio"|"ESTADAL"|"04147073999"
"OD01082023"|200861|"U.E.E. PBRO. VICTOR JOSE MORENO OROZCO            "|"SAN CRISTOBAL"|"Pedro María Morantes"|"LA ROMERA"|"CALLE 16"|"vacio"|"CARR. 15 Y 16"|"vacio"|"Edificio 15=15"|"ESTADAL"|"04162798064"
"ON10612023"|201314|"ADULTOS ESC. DE LAB. CUATRICENTENARIO             "|"SAN CRISTOBAL"|"Pedro María Morantes"|"San Cristóbal"|"CALLE 5"|"vacio"|"vacio"|"vacio"|"vacio"|"ESTADAL"|"0414-7044318"
"OD01102023"|200860|"U.E.M JOSE GONZALO MENDEZ                         "|"SAN CRISTOBAL"|"Pedro María Morantes"|"BARRIO LOURDES"|"CALLE 6"|"CARRERA 16 ESQUINA"|"vacio"|"vacio"|"vacio"|"MUNICIPAL"|"3561588"
"OD01092023"|200859|"U.E.M. SIMON RODRIGUES"|"SAN CRISTOBAL"|"Pedro María Morantes"|"CURAZAO"|"PRIMERA CALLE"|"CARRERA 11 Y 12"|"PUENTE LOS ARRELLANOS"|"INCE"|"LOCAL MERCADO LA ERMITA 2DO PISO"|"MUNICIPAL"|"0414-7374560"
"OD01022023"|200852|"E.B.N. ARISTIDES GARBIRAS                         "|"SAN CRISTOBAL"|"Pedro María Morantes"|"BARRIO"|"CALLE 8"|"CARRERA 23"|"vacio"|"vacio"|"8-5"|"NACIONAL"|"04147183873"
"OD01062023"|201108|"E.B.N. BOLIV. PEDRO MARIA MORANTES                "|"SAN CRISTOBAL"|"Pedro María Morantes"|"BARRIO OBRERO"|"CALLE 10"|"vacio"|"CARRERA 16 Y 17"|"vacio"|"16-17"|"NACIONAL"|"0414-7151926"
"OD01822023"|201177|"ESP. I.E.E.N. BOLIV. TACHIRA                      "|"SAN CRISTOBAL"|"Pedro María Morantes"|"BARRIO OBRERO"|"CALLE 10"|"CARRERA 20 BIS"|"vacio"|"vacio"|"1019"|"NACIONAL"|"vacio"
"OD02232023"|201716|"C.E.I.N BOLIV. PEDRO MARIA MORANTES               "|"SAN CRISTOBAL"|"Pedro María Morantes"|"BARRIO OBRERO"|"CALLE 10"|"vacio"|"Carrera 16 y17"|"vacio"|"16=17"|"NACIONAL"|"04147151926"
"OD02242023"|201717|"C.E.I.N. ARISTIDES GARBIRAS                       "|"SAN CRISTOBAL"|"Pedro María Morantes"|"BARRIO OBRERO"|"CALLE 8"|"vacio"|"vacio"|"CARRERA 23"|"vacio"|"NACIONAL"|"04147183873"
"OD02382023"|201952|"C.E.I.N.BOLIV. SIMONCITO. RAFAEL DE NOGALES MENDEZ"|"SAN CRISTOBAL"|"Pedro María Morantes"|"BARRIO OBRERO"|"CARRERA 20"|"vacio"|"CALLES 12 Y 13"|"vacio"|"12-44"|"NACIONAL"|"0424-7045111"
"TEM5420041"|201312|"ESCUELA ESTADAL DE LABORES ""SAN JUDAS TADEO"""|"SAN CRISTOBAL"|"Pedro María Morantes"|"BARRIO OBRERO"|"CALLE 10"|"vacio"|"vacio"|"vacio"|"15-65"|"NACIONAL"|"04247362255"
"S0384D2023"|200894|"LICEO BOLIV. SIMÓN BOLIVAR                        "|"SAN CRISTOBAL"|"Pedro María Morantes"|"BARRIO SAN CARLOS"|"CARRERA 12 CON CALLE 13"|"vacio"|"CALLES 11 Y 12"|"vacio"|"vacio"|"NACIONAL"|"4165026479"
"S0383N2023"|201281|"C.C.B. NOCTURNO SAMUEL DARIO MALDONADO            "|"SAN CRISTOBAL"|"Pedro María Morantes"|"BARRIO SAN CARLOS"|"CALLE 12"|"vacio"|"vacio"|"CARRERA 10 Y 11"|"vacio"|"NACIONAL"|"04247218007"
"OD01012023"|200773|"E.B.N BOLIV. JUAN ANTONIO ROMAN VALECILLOS        "|"SAN CRISTOBAL"|"Pedro María Morantes"|"BARRIO SUCRE"|"CALLE PRINCIPAL"|"vacio"|"vacio"|"PASAJE NORMAL"|"vacio"|"NACIONAL"|"04147116294"
"N0085D2023"|200829|"E.T.I.N. JUAN ANTONIO ROMAN VALECILLOS            "|"SAN CRISTOBAL"|"Pedro María Morantes"|"Barrio Sucre"|"19 Abril"|"Las Acacias"|"BARRIO SUCRE Y URB LAS ACACIAS"|"vacio"|"vacio"|"NACIONAL"|"0414-1553901"
"OD02162023"|201719|"C.E.I.N. SIMONCITO BOLIV. ROMAN VALECILLOS        "|"SAN CRISTOBAL"|"Pedro María Morantes"|"BARRIO SUCRE"|"CALLE 1"|"vacio"|"vacio"|"PASAJE NORMAL"|"vacio"|"NACIONAL"|"04266795364"
"OD01052023"|201090|"U.E.N. BOLIV. ANTONIO RAMÓN SILVA                 "|"SAN CRISTOBAL"|"Pedro María Morantes"|"LA ROMERA"|"AV. CARABOBO"|"vacio"|"vacio"|"CARR. 21 TAPON LA ROMERA"|"vacio"|"NACIONAL"|"0416-7705511"
"OD00962023"|200732|"C.E.I.N. PIRINEOS                                 "|"SAN CRISTOBAL"|"Pedro María Morantes"|"PIRINEOS"|"CALLE JUAN MALDONADO"|"vacio"|"vacio"|"vacio"|"vacio"|"NACIONAL"|"04149010883"
"OD01122023"|200734|"C.E.I.N.BOLIV.INOSITO                             "|"SAN CRISTOBAL"|"Pedro María Morantes"|"PIRINEOS"|"PRINCIPAL"|"vacio"|"vacio"|"vacio"|"vacio"|"NACIONAL"|"0416-3757207"
"OD01002023"|200771|"E.B.N. BOLIV. PABLO EMILIO GAMBOA                 "|"SAN CRISTOBAL"|"Pedro María Morantes"|"PIRINEOS"|"CALLE JUAN MALDONADO"|"SINARAL"|"CALLE PRINCIPAL PIRINEOS"|"CALLE BELLO MONTE"|"vacio"|"NACIONAL"|"0414-7102001"
"S1893N2023"|201238|"U.E. NOCTURNA PIRINEOS"|"SAN CRISTOBAL"|"Pedro María Morantes"|"PIRINEOS"|"AV. PRINCIPAL PIRINEOS"|"vacio"|"vacio"|"vacio"|"vacio"|"NACIONAL"|"04147115525"
"OD01032023"|200854|"C.E.I.N. BOLIV. MARISCAL DE AYACUCHO              "|"SAN CRISTOBAL"|"Pedro María Morantes"|"PIRINEOS 1"|"CALLE 5"|"LINEA DE TAXIS"|"vacio"|"vacio"|"Sin numero"|"NACIONAL"|"04140779383"
"OD00992023"|200742|"C.E.I.N.ANDRES BELLO                              "|"SAN CRISTOBAL"|"Pedro María Morantes"|"PIRINEOS I"|"LOTE F"|"VEREDA 19"|"vacio"|"vacio"|"vacio"|"NACIONAL"|"0414-7133197"
"OD00972023"|200735|"C.E.I.N.BOLIV. PIRINEOS II                        "|"SAN CRISTOBAL"|"Pedro María Morantes"|"PIRINEOS II"|"CALLE 3"|"vacio"|"BLOQUE 16 Y 17"|"vacio"|"vacio"|"NACIONAL"|"0414737116"
"OD00982023"|200736|"C.E.I.N.BOLIV SIMONCITO PIRINEOS I                "|"SAN CRISTOBAL"|"Pedro María Morantes"|"PIRINEOS II"|"PRINCIPAL"|"vacio"|"vacio"|"vacio"|"vacio"|"NACIONAL"|"0424-7064882"
"OD02122023"|201720|"C.E.I.N CARLOS RANGEL LAMUS                       "|"SAN CRISTOBAL"|"Pedro María Morantes"|"RARRIO SAN CARLOS"|"CARRERA 11"|"vacio"|"CALLE 11 Y 13"|"vacio"|"CASA"|"NACIONAL"|"vacio"
"S2532D2023"|200772|"E.B.N. BOLIV. CARLOS RANGEL LAMUS                 "|"SAN CRISTOBAL"|"Pedro María Morantes"|"SAN CARLOS"|"CARRERA 12"|"vacio"|"CALLE 11 Y 12"|"vacio"|"Edificio Escolar"|"NACIONAL"|"0414-7051094"
"S0137D2023"|200774|"LICEO BOL TACHIRA                                 "|"SAN CRISTOBAL"|"Pedro María Morantes"|"URB. LAS ACACIAS"|"AVDA. FORTUNATO GOMEZ"|"vacio"|"vacio"|"vacio"|"CASA N° 0-200"|"NACIONAL"|"04147120663"
"S0958D2023"|200887|"LIC. BOLIV. N. MONSEÑOR SAN MIGUEL                "|"SAN CRISTOBAL"|"Pedro María Morantes"|"URB. PIRINEOS 1"|"AV. PRINCIPAL"|"vacio"|"vacio"|"vacio"|"vacio"|"NACIONAL"|"02763558377"
"S1364D2023"|200891|"LICEO BOLIV. MONS. DR. JESUS MARIA PELLIN         "|"SAN CRISTOBAL"|"Pedro María Morantes"|"URB. PIRINEOS II"|"FINAL DE LA CALLE 2"|"FRENTE AL TANQUE DEL INOS"|"vacio"|"vacio"|"vacio"|"NACIONAL"|"04166745832"
"OD01042023"|200921|"E.B.N. RAUL ANTONIO REYES ARAQUE                  "|"SAN CRISTOBAL"|"Pedro María Morantes"|"URB. PIRINEOS II"|"FRENTE DEPOSITO HIDROSURE"|"PARTE ALTA"|"vacio"|"vacio"|"vacio"|"NACIONAL"|"04148288784"
"ON10552023"|201317|"C.E.A. CARMEN AMERICA DE LEONI"|"SAN CRISTOBAL"|"Pedro María Morantes"|"URBANIZACION PIRINEOS"|"SAN CRISTOBAL"|"vacio"|"vacio"|"vacio"|"LOCAL Nº 50"|"NACIONAL"|"04247768010"
"PD01142023"|200765|"U.E.P.S.M.E. INSTITUTO COROMOTO ANEXA ESTADAL 598 "|"SAN CRISTOBAL"|"Pedro María Morantes"|"BARRIO OBRERO"|"CALLE 4"|"vacio"|"vacio"|"CARRERA 17"|"1715"|"PRIV.SUBMPPE"|"02763553127"
"S1777D2023"|200889|"E.T.C.P. COL. MARIA AUXILIADORA                   "|"SAN CRISTOBAL"|"Pedro María Morantes"|"LA GUACARA"|"CARRERA 11"|"vacio"|"vacio"|"vacio"|"vacio"|"PRIV.SUBMPPE"|"02763433298"
"PD00302023"|200767|"U.E.P. COL. ASILO SAN ANTONIO                     "|"SAN CRISTOBAL"|"Pedro María Morantes"|"PASAJE MUCURITA"|"CALLES 6 Y 7"|"vacio"|"CARR. 12"|"vacio"|"vacio"|"PRIV.SUBMPPE"|"0276-3431812"
"S0787D2023"|200890|"U.E.P. COL. JOSE FELIX RIBAS                      "|"SAN CRISTOBAL"|"Pedro María Morantes"|"URB. LAS ACACIAS"|"CARRERA 4"|"vacio"|"vacio"|"vacio"|"N· 1=28"|"PRIV.SUBMPPE"|"0414-7005313"
"PD01132023"|200738|"C.E.I.P MANUEL OSORIO VELASCO                     "|"SAN CRISTOBAL"|"Pedro María Morantes"|"BARRIO OBRERO"|"CALLE 12"|"CARRERA 23 Y 24"|"vacio"|"vacio"|"vacio"|"PRIVADA"|"0276-3554056"
"S2531D2023"|200856|"U.E.P. COL. CRISTO REY                            "|"SAN CRISTOBAL"|"Pedro María Morantes"|"BARRIO OBRERO"|"CARR. 23"|"CARRERA 23"|"vacio"|"vacio"|"10-08"|"PRIVADA"|"vacio"
"S4028D2023"|200884|"LIC.P.COL. MONSEÑOR ALEJANDRO FERNANDEZ FEO       "|"SAN CRISTOBAL"|"Pedro María Morantes"|"BARRIO OBRERO"|"CALLE 14"|"vacio"|"CARRERA 14 Y 15"|"vacio"|"N¬ 14-18"|"PRIVADA"|"04142113954"
"S2547D2023"|200885|"U.E.PRIV.COLEGIO PARROQUIAL COROMOTO              "|"SAN CRISTOBAL"|"Pedro María Morantes"|"BARRIO OBRERO"|"CALLE 11"|"vacio"|"CARRERA 17"|"CARRERA 18"|"vacio"|"PRIVADA"|"04147135183"
"S3224D2023"|200892|"U.E.P. COL. AGUSTIN CODAZZI                       "|"SAN CRISTOBAL"|"Pedro María Morantes"|"BARRIO OBRERO"|"PASAJE ACUEDUCTO"|"ESQ. CARR. 15"|"vacio"|"vacio"|"15-12"|"PRIVADA"|"0416-8720097"
"PD00062023"|200893|"U.E.P. COL. JUAN MANUEL CAJIGAL                   "|"SAN CRISTOBAL"|"Pedro María Morantes"|"BARRIO OBRERO"|"CALLE 9"|"vacio"|"vacio"|"CARRERAS 18 Y 19"|"vacio"|"PRIVADA"|"0414-1752638"
"PD01532023"|201097|"C.E.I.TRICOLOR PATRIO                             "|"SAN CRISTOBAL"|"Pedro María Morantes"|"BARRIO OBRERO"|"CARRERA 18 No.11-30"|"vacio"|"Calle 11"|"12"|"vacio"|"PRIVADA"|"04165715941"
"S3224N2023"|201277|"ADULTOS. C.E.A.P. AGUSTIN CODAZZI                 "|"SAN CRISTOBAL"|"Pedro María Morantes"|"BARRIO OBRERO"|"CALLE 15"|"PASAJE ACUEDUCTO"|"vacio"|"SECTOR SAN CARLOS"|"vacio"|"PRIVADA"|"vacio"
"PN00512023"|201501|"ADULTOS. C.E.A.P. COL. JUAN MANUEL CAJIGAL        "|"SAN CRISTOBAL"|"Pedro María Morantes"|"BARRIO OBRERO"|"CALLE 9"|"vacio"|"CARRERA 18 Y 19"|"vacio"|"18-46"|"PRIVADA"|"04141752638"
"PD01972023"|201718|"C.E.I.P. COL. JACOBO BORQUES                      "|"SAN CRISTOBAL"|"Pedro María Morantes"|"BARRIO OBRERO"|"CALLE 10 CARRERA 25"|"vacio"|"vacio"|"vacio"|"989"|"PRIVADA"|"04247141478"
"PD01982023"|201929|"C.E.I.P. LA INMACULADA CONCEPCION                 "|"SAN CRISTOBAL"|"Pedro María Morantes"|"BARRIO OBRERO"|"CARRERA 17"|"vacio"|"PASAJE ACUEDUCTO"|"CALLE 1"|"10= 46"|"PRIVADA"|"3554002"
"PD02292023"|201992|"C.E.I. COLEGIO ESPIRITU SANTO"|"SAN CRISTOBAL"|"Pedro María Morantes"|"BARRIO OBRERO"|"CALLE 10"|"CARRERAS 21 Y 22"|"vacio"|"vacio"|"CASA Nº 21-48"|"PRIVADA"|"04147185213"
"S3071D2023"|200912|"U.E.P. COL. CERVANTES                             "|"SAN CRISTOBAL"|"Pedro María Morantes"|"BARRIO SAN CARLOS"|"CALLE 2 Nro.- 13-52"|"CARRERA 12"|"CARRERA 13 Y 14"|"vacio"|"1352"|"PRIVADA"|"vacio"
"T0135D2023"|200888|"U.E.P. COL. JORBALAN                              "|"SAN CRISTOBAL"|"Pedro María Morantes"|"CENTRO DE San Cristóbal"|"CALLE 10"|"vacio"|"vacio"|"CARRERA 10 Y 11"|"EDIFICIO"|"PRIVADA"|"vacio"
"PD01992023"|201643|"U.E.PRIV. SAN PIO DE PIETRELCINA                  "|"SAN CRISTOBAL"|"Pedro María Morantes"|"EL CAFETAL"|"CARABOBO"|"vacio"|"vacio"|"vacio"|"21-234"|"PRIVADA"|"04165021841"
"PD01152023"|200857|"U.E.P. COL. SAN PANCRACIO                         "|"SAN CRISTOBAL"|"Pedro María Morantes"|"LA ROMERA"|"CALLE 18"|"vacio"|"vacio"|"vacio"|"N' 11-17"|"PRIVADA"|"0276-3437961"
"S2991D2023"|200913|"U.E.PRIV.COLEGIO DON BOSCO                        "|"SAN CRISTOBAL"|"Pedro María Morantes"|"PIRINEOS"|"19 DE ABRIL"|"vacio"|"vacio"|"PRINCIPAL DE PIRINEOS"|"EDIFICIO"|"PRIVADA"|"3534033"
"PD01572023"|201596|"C.E.I.P. COL. NEGRA MATEA                         "|"SAN CRISTOBAL"|"Pedro María Morantes"|"PIRINEOS"|"AV CARABOBO"|"EL CAFETAL"|"vacio"|"vacio"|"QTA CONCHITA"|"PRIVADA"|"04147083894"
"S3584D2023"|200858|"U.E.PRIV.MARIA MONTESORI                          "|"SAN CRISTOBAL"|"Pedro María Morantes"|"PIRINEOS 1"|"CALLE LAS CUMBAS"|"AV. JUAN DE MALDONADO"|"vacio"|"AV JUAN MALDONADO"|"vacio"|"PRIVADA"|"04163754500"
"PD00222023"|201127|"U.E.PRIV.COLEGIO BEATA MARIA  DE SAN JOSE         "|"SAN CRISTOBAL"|"Pedro María Morantes"|"SAN CARLOS"|"CALLE 9"|"vacio"|"CARRERA 15 Y 16"|"vacio"|"Nº 15-32"|"PRIVADA"|"vacio"
"PD00322023"|201451|"U.E.P. SAN PEDRO                                  "|"SAN CRISTOBAL"|"Pedro María Morantes"|"SAN CARLOS"|"CALLE 12"|"CARRERA 11"|"vacio"|"vacio"|"CASA"|"PRIVADA"|"vacio"
"S2264D2023"|200886|"U.E.PRIV. COLEGIO PIO XII                         "|"SAN CRISTOBAL"|"Pedro María Morantes"|"BARRIO OBRERO"|"PASAJE ACUEDUCTO"|"vacio"|"vacio"|"CARRERA 17"|"EDIFICIO"|"PRIVSUB OFICIAL"|"vacio"
"OD01392023"|200864|"U.E.E. ALICIA CHACON DE SANCHEZ                   "|"SAN CRISTOBAL"|"San Juan Bautista"|"BARRIO BOLIVAR"|"CALLE 62"|"vacio"|"vacio"|"vacio"|"# 28-54"|"ESTADAL"|"04140720363"
"OD01412023"|200868|"U.E.E. ANA DOLORES FERNANDEZ                      "|"SAN CRISTOBAL"|"San Juan Bautista"|"BARRIO BUENOS AIRES"|"ANDA. PPAL. PUEBLO NUEVO"|"TRES ESQUINAS"|"vacio"|"vacio"|"vacio"|"ESTADAL"|"0414-7083458"
"OD01452023"|201495|"U.E.E. BOLIV. FRANCISCO DE MIRANDA                "|"SAN CRISTOBAL"|"San Juan Bautista"|"BARRIO LA CUEVA"|"AVDA. PPAL."|"vacio"|"HOSPITAL MILITAR"|"CONVENTO LAS CARMELITAS"|"vacio"|"ESTADAL"|"04166745812"
"OD01402023"|200867|"U.E.E. LAGUNILLAS DE ZORCA"|"SAN CRISTOBAL"|"San Juan Bautista"|"BARRIO LAGUNILLAS DE ZORCA"|"CARRETERA VIA RUBIO"|"vacio"|"vacio"|"vacio"|"vacio"|"ESTADAL"|"04248091390"
"OD01372023"|200785|"E.B.E. MARISCAL SUCRE                             "|"SAN CRISTOBAL"|"San Juan Bautista"|"BARRIO LOS KIOSKOS"|"AVDA.PPAL.LA GUAYANA"|"vacio"|"vacio"|"CALLE LAS DELICIAS"|"N° 48"|"ESTADAL"|"0414-9744690"
"OD01432023"|200870|"U.E.E.NSTRA.SRA.DEL PERPETUO SOCORRO              "|"SAN CRISTOBAL"|"San Juan Bautista"|"BARRIO PRIMERO DE MAYO"|"CUATRICENTENARIA"|"vacio"|"vacio"|"vacio"|"vacio"|"ESTADAL"|"vacio"
"T0616N2023"|201460|"ADULTOS CAPACITACIÓN ESCUELA DE ARTES PLASTICAS   "|"SAN CRISTOBAL"|"San Juan Bautista"|"LA GUAYANA"|"AV. LA GUAYANA"|"vacio"|"vacio"|"DIAGONAL AL CENTRO CLINIC"|"vacio"|"ESTADAL"|"vacio"
"ON10732023"|201318|"ADULTOS ESC. LAB. NOCT. SAN JUAN BAUTISTA         "|"SAN CRISTOBAL"|"San Juan Bautista"|"PASAJE CUMANA"|"CALLE 15"|"vacio"|"vacio"|"vacio"|"vacio"|"ESTADAL"|4147199614
"OD01442023"|201336|"C.E.I.E. RICITOS DE ORO                           "|"SAN CRISTOBAL"|"San Juan Bautista"|"PUEBLO NUEVO"|"LOS AGUSTINOS"|"vacio"|"vacio"|"N 51-95"|"vacio"|"ESTADAL"|"04247490672"
"OD01422023"|200869|"U.E.E. BOLIV. REPUBLICA DEL ECUADOR               "|"SAN CRISTOBAL"|"San Juan Bautista"|"PUENTE REAL"|"CALLE 15"|"vacio"|"PASAJE CUMANA"|"GUASDUALITO"|"vacio"|"ESTADAL"|"vacio"
"OD01462023"|200787|"E.B.M LUISA CACERES DE ARISMENDI                  "|"SAN CRISTOBAL"|"San Juan Bautista"|"PUEBLO NUEVO"|"LAS  PILAS"|"vacio"|"vacio"|"vacio"|"vacio"|"MUNICIPAL"|"04167774890"
"OD01932023"|201635|"C.E.I.N. BOLIV. TTE. JOSE MALDONADO FIGUEROA      "|"SAN CRISTOBAL"|"San Juan Bautista"|"AVDA. ESPAÃ‘A"|"AVDA. ESPAÃ‘A"|"vacio"|"DENTRO DEL CORE 1"|"vacio"|"COMANDO REGIONAL # 1"|"NACIONAL"|"0416-1167704"
"OD01272023"|200798|"C.E.I.N. SIMONCITO CIUDAD DE SAN CRISTOBAL2       "|"SAN CRISTOBAL"|"San Juan Bautista"|"AVENIDA ESPAÃ‘A"|"FINAL DE LA AVENIDA ESPAÃ‘"|"vacio"|"vacio"|"vacio"|"vacio"|"NACIONAL"|"vacio"
"OD01282023"|200803|"C.E.I.N U.N.E.T                                   "|"SAN CRISTOBAL"|"San Juan Bautista"|"BARRIO EL LOBO"|"ANENIDA UNIVERSIDAD"|"vacio"|"vacio"|"vacio"|"#36 UNET"|"NACIONAL"|"vacio"
"OD01292023"|200872|"E.B.N BOLIV. SIMON BOLIVAR                        "|"SAN CRISTOBAL"|"San Juan Bautista"|"BARRIO EL LOBO"|"PRINCIPAL"|"MANGA DE COLEO Y AV. PRIN"|"vacio"|"vacio"|"vacio"|"NACIONAL"|"0426-5724033"
"OD02152023"|201723|"C.E.I  SIMONCITO ""SIMON BOLIVAR"""|"SAN CRISTOBAL"|"San Juan Bautista"|"BARRIO EL LOBO"|"VIA PRINCIPAL"|"CALLE  3"|"vacio"|"vacio"|"vacio"|"NACIONAL"|"04247189717"
"OD01362023"|201492|"C.E.I.N. MAESTRA ARGELIA LAYA                     "|"SAN CRISTOBAL"|"San Juan Bautista"|"BARRIO LA ERMITA"|"CALLE 13"|"vacio"|"CARRERA 1 Y 2"|"vacio"|"IPASME"|"NACIONAL"|"vacio"
"OD01192023"|200778|"U.E.N.BOLIV LOS ANDES                             "|"SAN CRISTOBAL"|"San Juan Bautista"|"BARRIO PUENTE REAL"|"CALLE 12 PASAJE BARCELONA"|"PASAJE BARCELONA"|"PASAJE CUMANACOA"|"vacio"|"vacio"|"NACIONAL"|"vacio"
"OD01492023"|200804|"C.E.I.A. DRA. CARMEN VERONICA COELLO              "|"SAN CRISTOBAL"|"San Juan Bautista"|"BARRIO PUENTE REAL"|"PASAJE CUMANACOA"|"vacio"|"vacio"|"CALLES 11 Y 12"|"vacio"|"NACIONAL"|"04143760204"
"OD01232023"|200783|"U.E.N BOL. CONC. S/N NER 139                      "|"SAN CRISTOBAL"|"San Juan Bautista"|"BARRIO SANTA ELENA"|"SECTOR EL MIRADOR"|"vacio"|"vacio"|"vacio"|"vacio"|"NACIONAL"|"0416-3712829"
"OD01182023"|200776|"E.B.N. BOLIV. VIRGILIO PINZON                     "|"SAN CRISTOBAL"|"San Juan Bautista"|"BARRIO SANTA TERESA"|"CALLE 3"|"CARRERA 3"|"vacio"|"vacio"|"vacio"|"NACIONAL"|"04161188466"
"OD01902023"|201184|"ESP. I.E.E.N. BOLIV. SAN CRISTOBAL                "|"SAN CRISTOBAL"|"San Juan Bautista"|"BARRIO SANTA TERESA"|"VEREDA 7"|"frente al mercado Sta. Teresa"|"vacio"|"vacio"|"N' 63-80"|"NACIONAL"|"04247154523"
"OD01862023"|201182|"ESP. U.E.E. BOLIV. TORBES                         "|"SAN CRISTOBAL"|"San Juan Bautista"|"CALLE 15"|"CALLE 15"|"SEPTIMA AVDA. CARR. 8"|"vacio"|"vacio"|"vacio"|"NACIONAL"|"vacio"
"OD01662023"|200876|"U.E.N BOLIV. LA  POPA                             "|"SAN CRISTOBAL"|"San Juan Bautista"|"COLINAS DEL MIRADOR"|"PRINCIPAL"|"vacio"|"vacio"|"vacio"|"vacio"|"NACIONAL"|"04166763596"
"TEM0142023"|201767|"C.E.I LOS ANDES"|"SAN CRISTOBAL"|"San Juan Bautista"|"CONJUNTO RECIDENCIAL BORRIQUERO"|"LOS HIGUERONES"|"VIA PRINCIPAL GUANARE"|"PASAJE BARCELONA"|"vacio"|"vacio"|"NACIONAL"|"0414-7403911"
"TEM5420030"|202005|"LICEO N. BOLIV. FRANCISCO DE MIRANDA"|"SAN CRISTOBAL"|"San Juan Bautista"|"LA CUEVA PARAMILLO"|"VIA PRINCIPAL"|"vacio"|"vacio"|"vacio"|"vacio"|"NACIONAL"|"04265209400"
"OD01212023"|200781|"E.B.N. BOLIV. BUSTAMANTE                          "|"SAN CRISTOBAL"|"San Juan Bautista"|"LA ERMITA"|"CALLE 13 Y 14"|"vacio"|"vacio"|"CARRERA 3"|"vacio"|"NACIONAL"|"vacio"
"OD01952023"|201183|"ESP. U.P.E.NAC. TACHIRA                           "|"SAN CRISTOBAL"|"San Juan Bautista"|"LA ERMITA"|"CARR. 3"|"vacio"|"CALLE 13 Y 14"|"vacio"|"vacio"|"NACIONAL"|"0424-4718386"
"OD02222023"|201721|"C.E.I.N BUSTAMANTE                                "|"SAN CRISTOBAL"|"San Juan Bautista"|"LA ERMITA"|"CALLE 13"|"vacio"|"CARRERA 2 Y 3"|"vacio"|"vacio"|"NACIONAL"|"0414-0744707"
"OD02342023"|200801|"C.E.I. ANA JOSEFA SABINO LARA"|"SAN CRISTOBAL"|"San Juan Bautista"|"LA ERMITA"|"CALLE 15"|"FARMACIA SOCIAL"|"CARRERA 3 Y 4"|"vacio"|"vacio"|"NACIONAL"|"04147119000"
"S1104D2023"|200779|"LIC.N. BOLIV. FRANCISCO ALVARADO                  "|"SAN CRISTOBAL"|"San Juan Bautista"|"LA GUAYANA"|"LAS PILAS"|"vacio"|"vacio"|"vacio"|"vacio"|"NACIONAL"|"0416-1306500"
"T0139D2023"|200903|"E.T.C.N. ALBERTO ADRIANI                          "|"SAN CRISTOBAL"|"San Juan Bautista"|"LA GUAYANA"|"AV. PRINCIPAL MONTERREY"|"vacio"|"vacio"|"vacio"|"vacio"|"NACIONAL"|"0416-9762473"
"OD01322023"|200797|"C.E.I.N. 12 DE FEBRERO                            "|"SAN CRISTOBAL"|"San Juan Bautista"|"LA POPITA"|"VIA PRINCIPAL DE PUEBLO N"|"vacio"|"vacio"|"vacio"|"vacio"|"NACIONAL"|"vacio"
"OD02062023"|201724|"C.E.I.N. BOLIV. RAFAEL EDUARDO VASQUEZ LEON       "|"SAN CRISTOBAL"|"San Juan Bautista"|"PARAMILLO"|"UNIVERSIDAD"|"vacio"|"vacio"|"vacio"|"vacio"|"NACIONAL"|"04162798427"
"OD01592023"|200808|"C.E.I.N. HACIENDITA                               "|"SAN CRISTOBAL"|"San Juan Bautista"|"PUEBLO NUEVO"|"AVENIDA PRINCIPAL"|"vacio"|"CALLE BELLA VISTA"|"vacio"|"vacio"|"NACIONAL"|"vacio"
"S3309D2023"|200905|"U.E.N. TALENTOS DEPORTIVOS TACHIRA                "|"SAN CRISTOBAL"|"San Juan Bautista"|"PUEBLO NUEVO"|"AV. ESPAÃ‘A"|"PLAZA MONUMENTAL"|"POLIDEPORTIVO"|"ESTADIO METROPOLITANO"|"vacio"|"NACIONAL"|"04165798791"
"S1157D2023"|200902|"LIC.N. BOLIV. ANTONIO ROMULO COSTA                "|"SAN CRISTOBAL"|"San Juan Bautista"|"PUENTE REAL"|"CALLES 12 Y 14"|"vacio"|"vacio"|"vacio"|"vacio"|"NACIONAL"|"vacio"
"ON10672023"|201462|"C.C.P. BARRANCAS"|"SAN CRISTOBAL"|"San Juan Bautista"|"PUENTE REAL ESCUELA BOLIVARIANA LOS ANDES"|"CALLE 3"|"PASAJE CUMANA"|"IGLESIA Y SEDE POLICIAL"|"vacio"|"vacio"|"NACIONAL"|"04147216570"
"OD02352023"|200804|"C.E.I. DRA. CARMEN VERONICA COELLO"|"SAN CRISTOBAL"|"San Juan Bautista"|"PUENTE REAL PASAJE CUMANACOA"|"ENTRE CALLES 11 Y 12"|"vacio"|"vacio"|"vacio"|"vacio"|"NACIONAL"|"04143760204"
"T0136D2023"|200900|"E.T.I. ROBINSONIANA ELEAZAR LOPEZ CONTRERAS       "|"SAN CRISTOBAL"|"San Juan Bautista"|"San Cristóbal"|"AV. LIBERTADOR"|"vacio"|"LA NESTLE YLA CASA SINDICAL"|"vacio"|"E.T.I.R"|"NACIONAL"|"04163721377"
"OD01252023"|200796|"C.E.I.N SIMONCITO CONGRESO ANGOSTURA                                            "|"SAN CRISTOBAL"|"San Juan Bautista"|"SECTOR LOS KIOKOS"|"AV. PPAL LA GUAYANA"|"DIAGONAL A LAS TORRES"|"vacio"|"MILITARES"|"vacio"|"NACIONAL"|"04247296604"
"OD01912023"|201645|"C.A.I.P.I.F.N. CENTRO DE ATENCION PARA PERSONAS CO"|"SAN CRISTOBAL"|"San Juan Bautista"|"URB. LAS PILAS"|"AVDA.- PPAL."|"vacio"|"VEREDA 1 Y 2"|"vacio"|"CASA F=69"|"NACIONAL"|"0424-7397475"
"S0707D2023"|200904|"U.E.N. DON RAMÓN VELAZQUEZ                        "|"SAN CRISTOBAL"|"San Juan Bautista"|"URB. LOS NARANJOS"|"CALLE 4 Y 6"|"vacio"|"vacio"|"vacio"|"vacio"|"NACIONAL"|"vacio"
"OD01242023"|200793|"C.E.I.N. VIRGILIO PINZON                          "|"SAN CRISTOBAL"|"San Juan Bautista"|"URB. LOS TEQUES"|"LOS TEQUES"|"vacio"|"vacio"|"vacio"|"vacio"|"NACIONAL"|"04161715343"
"OD01852023"|201188|"C.A.I.P.A.N. CENTRO DE ATENCION INTEGRAL PARA AUTI"|"SAN CRISTOBAL"|"San Juan Bautista"|"URBANIZACION LAS LOMAS"|"AV PRINCIPAL"|"vacio"|"vacio"|"VILLA OLIMPICA"|"vacio"|"NACIONAL"|"vacio"
"S4759N2023"|201276|"ADULTOS C.E.B.A. NOCTURNO ZORCA                   "|"SAN CRISTOBAL"|"San Juan Bautista"|"ZORCA"|"VIA PRINCIPAL"|"vacio"|"vacio"|"vacio"|"vacio"|"NACIONAL"|"vacio"
"OD01202023"|200780|"E.B.N. BOLIV. LA PROVIDENCIA                      "|"SAN CRISTOBAL"|"San Juan Bautista"|"ZORCA PROVIDENCIA"|"CALLE PRINCIPAL VIA CAPAC"|"vacio"|"vacio"|"vacio"|"vacio"|"NACIONAL"|"04147015823"
"OD02092023"|201722|"C.E.I.N. LA PROVIDENCIA                           "|"SAN CRISTOBAL"|"San Juan Bautista"|"ZORCA-PROVIDENCIA"|"PRICIPAL"|"vacio"|"FRENTE LA PLAZA BOLIVAR"|"vacio"|"MODULO FUNDACOMUN"|"NACIONAL"|"0426-5736754"
"PD01022023"|200866|"U.E.P.S.O. COL. PARROQ.SANTISIMO SALVADOR         "|"SAN CRISTOBAL"|"San Juan Bautista"|"AV. FERRERO TAMAYO"|"AV. FERRERO TAMAYO"|"vacio"|"vacio"|"vacio"|"vacio"|"PRIV.SUBMPPE"|"0414-7064752"
"PD00312023"|200851|"U.E.P.S.MPPE COL. SANTA TERESITA DEL NIÑO JESUS   "|"SAN CRISTOBAL"|"San Juan Bautista"|"PUEBLO NUEVO"|"AV. PRINCIPAL"|"vacio"|"vacio"|"vacio"|"# 1-55"|"PRIV.SUBMPPE"|"04141771576"
"S3501D2023"|200863|"U.E.P.S.MPPE. HOGAR MERCEDES DE JESÚS             "|"SAN CRISTOBAL"|"San Juan Bautista"|"PUEBLO NUEVO"|"AVENIDA PRINCIPAL DE PUEB"|"vacio"|"vacio"|"vacio"|"8146"|"PRIV.SUBMPPE"|"0276-3530710"
"PD01522023"|201095|"C.E.I.P. COLEGIO LEONARDO DA VINCI                "|"SAN CRISTOBAL"|"San Juan Bautista"|"AV. LOS AGUSTINOS"|"LOS AGUSTINOS"|"vacio"|"CALLE 3"|"vacio"|"1153"|"PRIVADA"|"vacio"
"TEM5420042"|202022|"C.E.I.M  CARLOS RAUL VILLANUEVA"|"SAN CRISTOBAL"|"San Juan Bautista"|"BARRIO EL LOBO"|"CARRERA 3"|"vacio"|"vacio"|"CALLE 4"|"A-163"|"PRIVADA"|"04147181753"
"S1250D2023"|200924|"U.E.P. COL. SIMON BOLIVAR                         "|"SAN CRISTOBAL"|"San Juan Bautista"|"BARRIO LA ERMITA"|"CARR. 12"|"vacio"|"CALLES 14 Y 15"|"vacio"|"CASA Nª14-41"|"PRIVADA"|"0414-3756928"
"PD01512023"|201094|"U.E.P. COL. MORAL Y LUCES                         "|"SAN CRISTOBAL"|"San Juan Bautista"|"BARRIO PARAISO"|"AV. PRINCIPAL PUEBLO NUEV"|"CARRERA 2 ENTRE SANATORIO"|"Y EVENECER"|"vacio"|"vacio"|"PRIVADA"|"3410162"
"PD00742023"|200845|"U.E.P. INSTIT. METROPOLITANO ADVENTISTA           "|"SAN CRISTOBAL"|"San Juan Bautista"|"BARRIO SANTA TERESA"|"AV. PRINC. SANTA TERESA"|"vacio"|"vacio"|"vacio"|"1136"|"PRIVADA"|"04247141744"
"PD01042023"|201509|"U.E.P. COL. SANTA BARBARA                         "|"SAN CRISTOBAL"|"San Juan Bautista"|"CENTRO"|"CALLE 7"|"CARRERA 10"|"vacio"|"vacio"|"vacio"|"PRIVADA"|"vacio"
"PD01922023"|201617|"U.E.P. COL. JESUS DE NAZARETH                     "|"SAN CRISTOBAL"|"San Juan Bautista"|"EL CENTRO"|"CARRERA 11"|"CALLE 9"|"vacio"|"vacio"|"NRO 8-88"|"PRIVADA"|"04268031413"
"S4329D2023"|200915|"U.E.P. COL. METROPOLITANO                         "|"SAN CRISTOBAL"|"San Juan Bautista"|"FERRERO TAMAYO"|"AV FERRERO TAMAYO"|"vacio"|"vacio"|"vacio"|"vacio"|"PRIVADA"|"0414-1770396"
"S3281D2023"|200792|"U.E.P. COL. PARROQ. SAN JUAN BAUTISTA             "|"SAN CRISTOBAL"|"San Juan Bautista"|"LA ERMITA"|"CALLE 14"|"5TA. AV."|"vacio"|"CARRERA 4 Y 5TA. AVENIDA"|"442"|"PRIVADA"|"vacio"
"S4163D2023"|201098|"U.E.P. COL. LUISA CACERES DE ARISMENDI            "|"SAN CRISTOBAL"|"San Juan Bautista"|"LA ERMITA"|"CALLE 15"|"vacio"|"CARR. 6 Y 7"|"vacio"|"#6-86"|"PRIVADA"|"04243582760"
"S1250N2023"|201207|"ADULTOS U.E. COL. SIMÓN BOLIVAR                   "|"SAN CRISTOBAL"|"San Juan Bautista"|"LA ERMITA"|"CARRERA 2"|"vacio"|"vacio"|"vacio"|"vacio"|"PRIVADA"|"vacio"
"PD00462023"|201483|"U.E.P. ALMIRANTE VASCO DA GAMA                    "|"SAN CRISTOBAL"|"San Juan Bautista"|"PARAMILLO"|"CALLE 5"|"CARRERA E Y F"|"vacio"|"vacio"|"vacio"|"PRIVADA"|"04265727307"
"PD01542023"|201498|"C.E.I.P CARLOS SOUBLETTE                          "|"SAN CRISTOBAL"|"San Juan Bautista"|"PUEBLO NUEVO"|"AV PRINCIPAL"|"vacio"|"vacio"|"vacio"|"CASA"|"PRIVADA"|"04147088883"
"PD02022023"|201644|"C.E.I.P. MONSEÑOR DR JOSE LEON ROJAS CHAPARRO     "|"SAN CRISTOBAL"|"San Juan Bautista"|"PUEBLO NUEVO"|"AV FERRERO TAMAYO"|"vacio"|"vacio"|"vacio"|"412"|"PRIVADA"|"3436468"
"PD00382023"|201453|"U.E.P. COL. EL BUEN PASTOR                        "|"SAN CRISTOBAL"|"San Juan Bautista"|"SAN CARLOS"|"CALLE 9 Y 10"|"vacio"|"CARR. 11"|"vacio"|"9-30"|"PRIVADA"|"0276-5169333"
"S2539D2023"|200898|"U.E.P. COL. DOCTOR JOSE MARIA VARGAS              "|"SAN CRISTOBAL"|"San Juan Bautista"|"San Cristóbal"|"CALLE 16"|"vacio"|"7MA. AVDA."|"CARR. 6"|"6-82"|"PRIVADA"|"vacio"
"PD00262023"|201107|"U.E.P. COL. VERDAD Y LIBERTAD                     "|"SAN CRISTOBAL"|"San Juan Bautista"|"San Cristóbal"|"CARR. 9"|"vacio"|"CALLE 10"|"PASAJE ARISMENDI"|"02763448293"|"PRIVADA"|"vacio"
"PD00882023"|201535|"U.E.P. COL. FELIX ANTONIO SILVA                   "|"SAN CRISTOBAL"|"San Juan Bautista"|"SANTA CECILIA"|"LOS AGUSTINOS"|"CALLE 3"|"vacio"|"vacio"|"vacio"|"PRIVADA"|"0416-2794456"
"PN01062023"|201552|"ADULTOS U.E. FELIX ANTONIO SILVA                  "|"SAN CRISTOBAL"|"San Juan Bautista"|"SANTA TERESA"|"vacio"|"SANTA CECILIA"|"vacio"|"vacio"|"1-140"|"PRIVADA"|"04247353669"
"PN11332023"|201930|"U.E.P  ""SANTISIMA TRINIDAD"""|"SAN CRISTOBAL"|"San Juan Bautista"|"SECTOR PUEBLO NUEVO"|"FINAL AV ESPAÑA"|"vacio"|"vacio"|"vacio"|"vacio"|"PRIVADA"|"04247168697"
"PD02102023"|202021|"U.E. COLEGIO SANTISIMA TRINIDAD"|"SAN CRISTOBAL"|"San Juan Bautista"|"SECTOR PUEBLO NUEVO"|"FINAL AVENIDA ESPAÑA"|"vacio"|"vacio"|"vacio"|"vacio"|"PRIVADA"|"04247168697"
"PD02402023"|201993|"C.E.I. COLEG. CARMEN GARCIA LOSADA"|"SAN CRISTOBAL"|"San Juan Bautista"|"SECTOR SANTA CECILIA"|"AVENIDA ULA"|"vacio"|"AVENIDA LOS AGUSTINOS"|"vacio"|"CASA Nº 27-700"|"PRIVADA"|"02763562886"
"PD02002023"|201715|"C.E.I.P. JUAN ENRIQUE PESTALOZZI                  "|"SAN CRISTOBAL"|"San Juan Bautista"|"URB. MERIDA"|"CALLE 4"|"vacio"|"vacio"|"vacio"|"CASA"|"PRIVADA"|"3471682"
"PD01562023"|201595|"C.E.I.P. JHON HARVARD                             "|"SAN CRISTOBAL"|"San Juan Bautista"|"URB. PARAMILLO"|"VDA. LOS AGUSTINOS"|"vacio"|"vacio"|"vacio"|"04"|"PRIVADA"|"04147181753"
"PD02042023"|201725|"C.E.I.P. SANTA ANGELA DE MENCI                    "|"SAN CRISTOBAL"|"San Juan Bautista"|"URB. PUEBLO NUEVO"|"AVDA. ESPAÑA"|"PASAJE MONUMENTAL"|"vacio"|"vacio"|"vacio"|"PRIVADA"|"0424-7793400"
"PD01582023"|201600|"C.E.I.P. AQUILES NAZOA                            "|"SAN CRISTOBAL"|"San Juan Bautista"|"URB. SANTA INES"|"AVDA.PPAL. LAS PILAS"|"vacio"|"vacio"|"vacio"|"vacio"|"PRIVADA"|"0414-7081201"
"PD01252023"|201601|"U.E.P. COL. SAN FRANCISCO DE SALES                "|"SAN CRISTOBAL"|"San Juan Bautista"|"URB. SANTA TERESA"|"AVDA. PPAL."|"vacio"|"vacio"|"vacio"|"SAN FRANCISCA DE SALES"|"PRIVADA"|"0276-3411714/ 04247198386/ 04247070152"
"PD02032023"|201741|"C.E.I.P. LUIS FELIPE RAMON Y RIVERA               "|"SAN CRISTOBAL"|"San Juan Bautista"|"URB. TORBES"|"AVDA. LIBERTADOR"|"vacio"|"vacio"|"vacio"|"E-93"|"PRIVADA"|"04165028103"
"S0412D2023"|200917|"U.E.P. COL. LA VILLA DE LOS NIÑOS                 "|"SAN CRISTOBAL"|"San Juan Bautista"|"VILLA OLIMPICA"|"PARTE ALTA DE LAS LOMAS"|"vacio"|"vacio"|"vacio"|"vacio"|"PRIVADA"|"vacio"
"OD01712023"|200815|"U.E.E  CONC. Nº 104 ANDRES ELOY BLANCO (EL HOYO)  "|"SAN CRISTOBAL"|"San Sebastian"|"BARRIO ANDRES ELOY BLANCO"|"CALLE PRINCIPAL"|"vacio"|"vacio"|"vacio"|"vacio"|"ESTADAL"|"vacio"
"OD01732023"|200879|"U.E.E. DRA BLANCA  LOPEZ DE SANCHES"|"SAN CRISTOBAL"|"San Sebastian"|"BARRIO EL RIO"|"CALLE PRINCIPAL"|"vacio"|"vacio"|"vacio"|"vacio"|"ESTADAL"|"5169103"
"OD01742023"|200923|"U.E.E. SALIAS Y LANDAETA"|"SAN CRISTOBAL"|"San Sebastian"|"BARRIO GUZMAN BLANCO"|"CARRERA 7"|"vacio"|"vacio"|"vacio"|"vacio"|"ESTADAL"|"vacio"
"ON10752023"|201320|"ADULTOS ESC. LAB. NOCT. DOÑA FLOR DE CAMINOS      "|"SAN CRISTOBAL"|"San Sebastian"|"BARRIO LA GUACARA"|"CALLE 3"|"vacio"|"vacio"|"vacio"|"vacio"|"ESTADAL"|"02763448689"
"OD01722023"|200878|"U.E.E. WALDA DE MARQUEZ                           "|"SAN CRISTOBAL"|"San Sebastian"|"CENTRO San Cristóbal"|"CALLE 4"|"vacio"|"CARR. 5 Y 6"|"vacio"|"vacio"|"ESTADAL"|"04147054940"
"OD01702023"|200814|"U.E.E. CONC. 187 NER 139                          "|"SAN CRISTOBAL"|"San Sebastian"|"EL GUAYABAL"|"PRINCIPAL"|"vacio"|"vacio"|"vacio"|"vacio"|"ESTADAL"|"0414-7102696"
"ON10702023"|201364|"ESCUELA DE LABORES ""MARIA DEL CARMEN BRICEÑO"""|"SAN CRISTOBAL"|"San Sebastian"|"SECTOR CENTRO"|"vacio"|"vacio"|"vacio"|"vacio"|"10-67"|"ESTADAL"|"04247045223"
"OD01472023"|200810|"E.B.M. SAN JOSE"|"SAN CRISTOBAL"|"San Sebastian"|"CALLE 9"|"CARRERA 9 Y 10"|"vacio"|"vacio"|"vacio"|"vacio"|"MUNICIPAL"|"0414-7008941"
"OD01762023"|200817|"E.B.M. REGINA DE VELAZQUEZ                        "|"SAN CRISTOBAL"|"San Sebastian"|"LA GUACARA"|"CALLE 2"|"vacio"|"vacio"|"CARRERA 18"|"EDIFICIO"|"MUNICIPAL"|"04147155288"
"OD01752023"|200816|"U.E.M. ROMULO GALLEGOS                            "|"SAN CRISTOBAL"|"San Sebastian"|"MADRE JUANA"|"AVENIDA PRINCIPAL"|"vacio"|"vacio"|"vacio"|"CASA"|"MUNICIPAL"|"04161377321"
"OD02282023"|201948|"LIC DE FORMACIÓN CULTURAL PARA LAS ARTES ESTILITA OROZCO"|"SAN CRISTOBAL"|"San Sebastian"|"5TA. AVENIDA"|"AVENIDA FRANCISCO GARCIA DE HEVIA"|"vacio"|"vacio"|"vacio"|"EDIFICIO DON CLAVIJO Nº 10-83 CENTRO"|"NACIONAL"|"04164777436"
"OD01612023"|200811|"U.E.N. BOLIV. CONC. 776 NER 139                   "|"SAN CRISTOBAL"|"San Sebastian"|"ALDEA AZUA"|"ALDEA AZUA"|"vacio"|"vacio"|"vacio"|"vacio"|"NACIONAL"|"0416-3712829"
"OD01672023"|201093|"U.E.N BOLIV. PERICOS NER 139                      "|"SAN CRISTOBAL"|"San Sebastian"|"ALDEA PERICOS"|"CALLE PRINCIPAL PERICOS"|"vacio"|"vacio"|"vacio"|"vacio"|"NACIONAL"|"vacio"
"OD01652023"|200875|"U.E.N.CONC.BOLIV.450 S/N S/N S/N  (NER 139) TONONO"|"SAN CRISTOBAL"|"San Sebastian"|"ALDEA TONONO PARTE BAJA"|"KILOMETRO 3 VIA RUBIO"|"vacio"|"vacio"|"vacio"|"vacio"|"NACIONAL"|"04163712829"
"OD02372023"|201931|"C.E.I. ANA LIGIA SALAS DE RAMIREZ"|"SAN CRISTOBAL"|"San Sebastian"|"BARRIO EL RIO"|"CALLE PRINCIPAL"|"vacio"|"LA CASILLA POLICIAL Y CANCHA MULTIPLE"|"vacio"|"vacio"|"NACIONAL"|"vacio"
"OD01602023"|200809|"C.E.I.N. SIMONCITO REGINA DE VELAZQUEZ            "|"SAN CRISTOBAL"|"San Sebastian"|"BARRIO GUZMAN"|"CALLE 2"|"vacio"|"CARRERA 10"|"vacio"|"vacio"|"NACIONAL"|"vacio"
"S0841D2023"|200907|"U.E.N. GONZALO MENDEZ                             "|"SAN CRISTOBAL"|"San Sebastian"|"BARRIO MADRE JUANA"|"CALLE PRINCIPAL"|"vacio"|"vacio"|"vacio"|"vacio"|"NACIONAL"|"vacio"
"OD01622023"|200812|"LIC. N . BOLIV. CONC SN SN 915 NER 139            "|"SAN CRISTOBAL"|"San Sebastian"|"CASERIO LA TINTA"|"VIAAZUA Y EL"|"vacio"|"vacio"|"vacio"|"vacio"|"NACIONAL"|"vacio"
"OD01692023"|201563|"C.E.I.N. C.E.I. SAN JOSE                          "|"SAN CRISTOBAL"|"San Sebastian"|"CENTRO"|"CALLE 9"|"vacio"|"CARRERAS 9 Y 10"|"vacio"|"EDIFICIO"|"NACIONAL"|"04162791978"
"OD01642023"|200874|"U.E.N. BOLIV. ROMAN CARDENAS                      "|"SAN CRISTOBAL"|"San Sebastian"|"SECTOR CATEDRAL"|"CALLE 3"|"vacio"|"vacio"|"vacio"|"N' 2-56"|"NACIONAL"|"0424-7494191"
"PD00902023"|200846|"U.E.P. COL. PARROQ. JESUS OBRERO                  "|"SAN CRISTOBAL"|"San Sebastian"|"BARRIO 23 DE ENERO"|"CALLE 6"|"vacio"|"vacio"|"CARRERA 1"|"vacio"|"PRIV.SUBMPPE"|"0416-1787770"
"S2335D2023"|200908|"U.E.P. COL. SANTA ROSALÍA DE PALERMO              "|"SAN CRISTOBAL"|"San Sebastian"|"San Cristóbal"|"CALLE 4 Nro.- 9-32"|"vacio"|"CARRERA 9"|"CARRERA 10"|"N·9-32"|"PRIV.SUBMPPE"|"vacio"
"S1572D2023"|200918|"U.E.PRIV.COL.PARROQUIAL MONS. SAN MIGUEL          "|"SAN CRISTOBAL"|"San Sebastian"|"SECTOR CATEDRAL"|"CALLE 3"|"vacio"|"vacio"|"vacio"|"N· 3-50"|"PRIV.SUBMPPE"|"vacio"
"S2792D2023"|200919|"U.E.P  NUEVA REPUBLICA                            "|"SAN CRISTOBAL"|"San Sebastian"|"CENTRO CIUDAD"|" 5TA. AV. CALLE 3"|"vacio"|"vacio"|"vacio"|"NRO 4-14"|"PRIVADA"|"vacio"
"PD00152023"|200818|"U.E.P. COL. NUESTRA SEÑORA DE BELEN               "|"SAN CRISTOBAL"|"San Sebastian"|"LA GUACARA"|"CALLE 4 Nro.- 11-53"|"vacio"|"CARR. 11 Y 12"|"vacio"|"vacio"|"PRIVADA"|"0276-3444548"
"S3367N2023"|201271|"ADULTOS U.E. INSTITUTO BOLIVARIANO                "|"SAN CRISTOBAL"|"San Sebastian"|"San Cristóbal"|"CALLE 4 Nro.- 4-44"|"vacio"|"vacio"|"5TA AVENIDA"|"vacio"|"PRIVADA"|"vacio"
"S2537N2023"|201272|"ADULTOS U.E. INSTITUTO TÁCHIRA                    "|"SAN CRISTOBAL"|"San Sebastian"|"San Cristóbal"|"CALLE 3"|"CARRERA 8 Y 7 AV."|"vacio"|"vacio"|"6-71"|"PRIVADA"|"vacio"
"S3622N2023"|201838|"ADULTOS U.E. INSTITUTO MARISCAL DE AYACUCHO       "|"SAN CRISTOBAL"|"San Sebastian"|"San Cristóbal"|"AVENIDA 04"|"CENTRO FRENTE PLAZA SUCRE"|"CARRERA 9"|"CALLE 10"|"932"|"PRIVADA"|"04143754338"
"S0637D2023"|200906|"U.E.P. COL. SAN CRISTOBAL                         "|"SAN CRISTOBAL"|"San Sebastian"|"SECTOR CATEDRAL"|"CALLE 4"|"CARR. 4"|"FRENTE A LA CATEDRAL"|"vacio"|"vacio"|"PRIVADA"|"vacio"
